ligand_name,protein_name,computed_dG,error_message
Updated_Mpro_data_2044_0,Mpro-protein,-1.019537,
Updated_Mpro_data_2044_0,Mpro-protein,-1.364721,
Updated_Mpro_data_1687_0,Mpro-protein,-8.06144,
Updated_Mpro_data_1687_0,Mpro-protein,-7.869716,
Updated_Mpro_data_1660_0,Mpro-protein,-4.61435,
Updated_Mpro_data_1660_0,Mpro-protein,-5.37928,
Updated_Mpro_data_1535.sdf,Mpro-protein.pdb,,local variable 'df' referenced before assignment
Updated_Mpro_data_633.sdf,Mpro-protein.pdb,,local variable 'df' referenced before assignment
Updated_Mpro_data_1666_0,Mpro-protein,-6.775392,
Updated_Mpro_data_1666_0,Mpro-protein,-6.932872,
Updated_Mpro_data_2189.sdf,Mpro-protein.pdb,,local variable 'df' referenced before assignment
Updated_Mpro_data_678_0,Mpro-protein,-2.714344,
Updated_Mpro_data_678_0,Mpro-protein,-0.824239,
Updated_Mpro_data_1437_0,Mpro-protein,-11.001115,
Updated_Mpro_data_1437_0,Mpro-protein,-9.98271,
Updated_Mpro_data_628_0,Mpro-protein,-6.218408,
Updated_Mpro_data_628_0,Mpro-protein,-5.884755,
Updated_Mpro_data_2007_0,Mpro-protein,-8.761762,
Updated_Mpro_data_2007_0,Mpro-protein,-9.380294,
Updated_Mpro_data_2569.sdf,Mpro-protein.pdb,,local variable 'df' referenced before assignment
Updated_Mpro_data_2725_0,Mpro-protein,-5.303208,
Updated_Mpro_data_2725_0,Mpro-protein,-5.149512,
Updated_Mpro_data_441.sdf,Mpro-protein.pdb,,local variable 'df' referenced before assignment
Updated_Mpro_data_577_0,Mpro-protein,-6.698115,
Updated_Mpro_data_577_0,Mpro-protein,-6.363305,
Updated_Mpro_data_2490.sdf,Mpro-protein.pdb,,local variable 'df' referenced before assignment
Updated_Mpro_data_941.sdf,Mpro-protein.pdb,,local variable 'df' referenced before assignment
Updated_Mpro_data_2441_0,Mpro-protein,-2.846945,
Updated_Mpro_data_2441_0,Mpro-protein,-3.292372,
Updated_Mpro_data_2218.sdf,Mpro-protein.pdb,,local variable 'df' referenced before assignment
Updated_Mpro_data_1782.sdf,Mpro-protein.pdb,,local variable 'df' referenced before assignment
Updated_Mpro_data_2493.sdf,Mpro-protein.pdb,,local variable 'df' referenced before assignment
Updated_Mpro_data_1646.sdf,Mpro-protein.pdb,,local variable 'df' referenced before assignment
Updated_Mpro_data_2010.sdf,Mpro-protein.pdb,,local variable 'df' referenced before assignment
Updated_Mpro_data_2220.sdf,Mpro-protein.pdb,,local variable 'df' referenced before assignment
Updated_Mpro_data_2562.sdf,Mpro-protein.pdb,,local variable 'df' referenced before assignment
Updated_Mpro_data_1650.sdf,Mpro-protein.pdb,,local variable 'df' referenced before assignment
Updated_Mpro_data_779.sdf,Mpro-protein.pdb,,local variable 'df' referenced before assignment
Updated_Mpro_data_2222.sdf,Mpro-protein.pdb,,local variable 'df' referenced before assignment
Updated_Mpro_data_492.sdf,Mpro-protein.pdb,,local variable 'df' referenced before assignment
Updated_Mpro_data_266.sdf,Mpro-protein.pdb,,local variable 'df' referenced before assignment
Updated_Mpro_data_2233_0,Mpro-protein,6.884614,
Updated_Mpro_data_2233.sdf,Mpro-protein.pdb,,local variable 'df' referenced before assignment
Updated_Mpro_data_2219.sdf,Mpro-protein.pdb,,local variable 'df' referenced before assignment
Updated_Mpro_data_491.sdf,Mpro-protein.pdb,,local variable 'df' referenced before assignment
Updated_Mpro_data_433_0,Mpro-protein,0.713799,
Updated_Mpro_data_433.sdf,Mpro-protein.pdb,,local variable 'df' referenced before assignment
Updated_Mpro_data_618_0,Mpro-protein,-4.124122,
Updated_Mpro_data_618_0,Mpro-protein,-4.124122,
Updated_Mpro_data_1997.sdf,Mpro-protein.pdb,,local variable 'df' referenced before assignment
Updated_Mpro_data_2395.sdf,Mpro-protein.pdb,,local variable 'df' referenced before assignment
Updated_Mpro_data_834.sdf,Mpro-protein.pdb,,local variable 'df' referenced before assignment
Updated_Mpro_data_2008_0,Mpro-protein,-3.377699,
Updated_Mpro_data_2008_0,Mpro-protein,-3.377698,
Updated_Mpro_data_2595.sdf,Mpro-protein.pdb,,local variable 'df' referenced before assignment
Updated_Mpro_data_2030_0,Mpro-protein,-4.514127,
Updated_Mpro_data_2030_0,Mpro-protein,-4.004647,
Updated_Mpro_data_362_0,Mpro-protein,-3.974211,
Updated_Mpro_data_362_0,Mpro-protein,-4.778372,
Updated_Mpro_data_2216_0,Mpro-protein,-8.385469,
Updated_Mpro_data_2216_0,Mpro-protein,-8.117842,
Updated_Mpro_data_2235_0,Mpro-protein,-4.443739,
Updated_Mpro_data_2235_0,Mpro-protein,-4.466091,
Updated_Mpro_data_2461.sdf,Mpro-protein.pdb,,local variable 'df' referenced before assignment
Updated_Mpro_data_262.sdf,Mpro-protein.pdb,,local variable 'df' referenced before assignment
Updated_Mpro_data_408.sdf,Mpro-protein.pdb,,local variable 'df' referenced before assignment
Updated_Mpro_data_418_0,Mpro-protein,-7.27221,
Updated_Mpro_data_418_0,Mpro-protein,-7.194335,
Updated_Mpro_data_2614_0,Mpro-protein,-7.261785,
Updated_Mpro_data_2614_0,Mpro-protein,-7.127476,
Updated_Mpro_data_2133_0,Mpro-protein,-4.723248,
Updated_Mpro_data_2133_0,Mpro-protein,-4.683172,
Updated_Mpro_data_2275_0,Mpro-protein,-8.445814,
Updated_Mpro_data_2275_0,Mpro-protein,-8.315756,
Updated_Mpro_data_2143_0,Mpro-protein,-2.699606,
Updated_Mpro_data_2143_0,Mpro-protein,-2.603779,
Updated_Mpro_data_2416_0,Mpro-protein,-6.484281,
Updated_Mpro_data_2416_0,Mpro-protein,-7.312811,
Updated_Mpro_data_2172_0,Mpro-protein,-7.782892,
Updated_Mpro_data_2172_0,Mpro-protein,-7.782895,
Updated_Mpro_data_2078_0,Mpro-protein,-7.72343,
Updated_Mpro_data_2078_0,Mpro-protein,-7.654805,
Updated_Mpro_data_754_0,Mpro-protein,-7.171404,
Updated_Mpro_data_754_0,Mpro-protein,-7.976297,
Updated_Mpro_data_2292_0,Mpro-protein,-6.48104,
Updated_Mpro_data_2292_0,Mpro-protein,-6.48104,
Updated_Mpro_data_1201_0,Mpro-protein,-5.462358,
Updated_Mpro_data_1201_0,Mpro-protein,-5.373058,
Updated_Mpro_data_2734_0,Mpro-protein,-5.389886,
Updated_Mpro_data_2734_0,Mpro-protein,-6.017075,
Updated_Mpro_data_352_0,Mpro-protein,-5.136731,
Updated_Mpro_data_352_0,Mpro-protein,-5.136732,
Updated_Mpro_data_2173_0,Mpro-protein,-7.738106,
Updated_Mpro_data_2173_0,Mpro-protein,-7.769917,
Updated_Mpro_data_1048_0,Mpro-protein,-6.225192,
Updated_Mpro_data_1048_0,Mpro-protein,-6.224294,
Updated_Mpro_data_2103_0,Mpro-protein,-6.631004,
Updated_Mpro_data_2103_0,Mpro-protein,-6.400729,
Updated_Mpro_data_3_0,Mpro-protein,-7.640922,
Updated_Mpro_data_3_0,Mpro-protein,-7.790124,
Updated_Mpro_data_365_0,Mpro-protein,-7.941208,
Updated_Mpro_data_365_0,Mpro-protein,-7.662095,
Updated_Mpro_data_1686_0,Mpro-protein,-8.500484,
Updated_Mpro_data_1686_0,Mpro-protein,-8.862973,
Updated_Mpro_data_823_0,Mpro-protein,-1.535655,
Updated_Mpro_data_823_0,Mpro-protein,-1.519817,
Updated_Mpro_data_390_0,Mpro-protein,-6.563281,
Updated_Mpro_data_390_0,Mpro-protein,-6.592009,
Updated_Mpro_data_2255_0,Mpro-protein,-7.555987,
Updated_Mpro_data_2255_0,Mpro-protein,-7.502911,
Updated_Mpro_data_561_0,Mpro-protein,-5.83364,
Updated_Mpro_data_561_0,Mpro-protein,-5.633334,
Updated_Mpro_data_770_0,Mpro-protein,-8.420393,
Updated_Mpro_data_770_0,Mpro-protein,-7.672028,
Updated_Mpro_data_1882_0,Mpro-protein,-7.543004,
Updated_Mpro_data_1882_0,Mpro-protein,-7.444154,
Updated_Mpro_data_2633_0,Mpro-protein,-6.295472,
Updated_Mpro_data_2633_0,Mpro-protein,-6.295467,
Updated_Mpro_data_1049_0,Mpro-protein,-6.578491,
Updated_Mpro_data_1049_0,Mpro-protein,-6.639075,
Updated_Mpro_data_2390_0,Mpro-protein,-5.974518,
Updated_Mpro_data_2390_0,Mpro-protein,-5.902778,
Updated_Mpro_data_1441_0,Mpro-protein,-10.208222,
Updated_Mpro_data_1441_0,Mpro-protein,-10.162857,
Updated_Mpro_data_1695_0,Mpro-protein,-8.096962,
Updated_Mpro_data_1695_0,Mpro-protein,-8.135405,
Updated_Mpro_data_1532_0,Mpro-protein,-4.219804,
Updated_Mpro_data_1532_0,Mpro-protein,-4.219806,
Updated_Mpro_data_1190_0,Mpro-protein,-5.395422,
Updated_Mpro_data_1190_0,Mpro-protein,-5.432175,
Updated_Mpro_data_508_0,Mpro-protein,-7.409838,
Updated_Mpro_data_508_0,Mpro-protein,-6.904208,
Updated_Mpro_data_1172_0,Mpro-protein,-4.509432,
Updated_Mpro_data_1172_0,Mpro-protein,-4.758933,
Updated_Mpro_data_2724_0,Mpro-protein,-7.754101,
Updated_Mpro_data_2724_0,Mpro-protein,-7.674863,
Updated_Mpro_data_2168_0,Mpro-protein,-6.69463,
Updated_Mpro_data_2168_0,Mpro-protein,-6.69241,
Updated_Mpro_data_1634_0,Mpro-protein,-7.507906,
Updated_Mpro_data_1634_0,Mpro-protein,-7.289093,
Updated_Mpro_data_1542_0,Mpro-protein,-3.595713,
Updated_Mpro_data_1542_0,Mpro-protein,-3.856874,
Updated_Mpro_data_2256_0,Mpro-protein,-7.078069,
Updated_Mpro_data_2256_0,Mpro-protein,-7.067621,
Updated_Mpro_data_2599_0,Mpro-protein,-7.68926,
Updated_Mpro_data_2599_0,Mpro-protein,-7.649094,
Updated_Mpro_data_1835_0,Mpro-protein,-9.167631,
Updated_Mpro_data_1835_0,Mpro-protein,-8.833081,
Updated_Mpro_data_766.sdf,Mpro-protein.pdb,,local variable 'df' referenced before assignment
Updated_Mpro_data_464_0,Mpro-protein,-4.138342,
Updated_Mpro_data_464_0,Mpro-protein,-4.382476,
Updated_Mpro_data_1806_0,Mpro-protein,-2.45792,
Updated_Mpro_data_1806_0,Mpro-protein,-3.539916,
Updated_Mpro_data_2299_0,Mpro-protein,-8.008874,
Updated_Mpro_data_2299_0,Mpro-protein,-7.68342,
Updated_Mpro_data_758_0,Mpro-protein,-6.016464,
Updated_Mpro_data_758_0,Mpro-protein,-6.606647,
Updated_Mpro_data_2162_0,Mpro-protein,-8.027728,
Updated_Mpro_data_2162_0,Mpro-protein,-8.156894,
Updated_Mpro_data_127_0,Mpro-protein,-3.145736,
Updated_Mpro_data_127_0,Mpro-protein,-2.970666,
Updated_Mpro_data_1597_0,Mpro-protein,-6.03861,
Updated_Mpro_data_1597_0,Mpro-protein,-5.98584,
Updated_Mpro_data_21_0,Mpro-protein,-6.379986,
Updated_Mpro_data_21_0,Mpro-protein,-6.545167,
Updated_Mpro_data_105_0,Mpro-protein,-2.508546,
Updated_Mpro_data_105_0,Mpro-protein,-2.567602,
Updated_Mpro_data_638_0,Mpro-protein,-7.844346,
Updated_Mpro_data_638_0,Mpro-protein,-7.610528,
Updated_Mpro_data_582_0,Mpro-protein,-4.846431,
Updated_Mpro_data_582_0,Mpro-protein,-5.546262,
Updated_Mpro_data_1236_0,Mpro-protein,-2.96493,
Updated_Mpro_data_1236_0,Mpro-protein,-6.08203,
Updated_Mpro_data_170_0,Mpro-protein,-5.914422,
Updated_Mpro_data_170_0,Mpro-protein,-5.913937,
Updated_Mpro_data_1482_0,Mpro-protein,-8.453968,
Updated_Mpro_data_1482_0,Mpro-protein,-8.453968,
Updated_Mpro_data_2205_0,Mpro-protein,-2.937898,
Updated_Mpro_data_2205_0,Mpro-protein,-2.805247,
Updated_Mpro_data_1816_0,Mpro-protein,-8.779778,
Updated_Mpro_data_1816_0,Mpro-protein,-8.720501,
Updated_Mpro_data_1494_0,Mpro-protein,-7.908138,
Updated_Mpro_data_1494_0,Mpro-protein,-7.833002,
Updated_Mpro_data_692_0,Mpro-protein,-5.129211,
Updated_Mpro_data_692_0,Mpro-protein,-7.916075,
Updated_Mpro_data_822_0,Mpro-protein,-7.288691,
Updated_Mpro_data_822_0,Mpro-protein,-7.614432,
Updated_Mpro_data_2171_0,Mpro-protein,-7.128061,
Updated_Mpro_data_2171_0,Mpro-protein,-7.717216,
Updated_Mpro_data_1348_0,Mpro-protein,-6.466368,
Updated_Mpro_data_1348_0,Mpro-protein,-6.117928,
Updated_Mpro_data_488_0,Mpro-protein,-8.923564,
Updated_Mpro_data_488_0,Mpro-protein,-9.187897,
Updated_Mpro_data_1187_0,Mpro-protein,-7.553831,
Updated_Mpro_data_1187_0,Mpro-protein,-7.593311,
Updated_Mpro_data_2079_0,Mpro-protein,-7.735954,
Updated_Mpro_data_2079_0,Mpro-protein,-7.892309,
Updated_Mpro_data_1772_0,Mpro-protein,-5.460741,
Updated_Mpro_data_1772_0,Mpro-protein,-5.281301,
Updated_Mpro_data_1572_0,Mpro-protein,-6.592746,
Updated_Mpro_data_1572_0,Mpro-protein,-6.592745,
Updated_Mpro_data_1033_0,Mpro-protein,-6.295365,
Updated_Mpro_data_1033_0,Mpro-protein,-6.37787,
Updated_Mpro_data_2122_0,Mpro-protein,-8.742408,
Updated_Mpro_data_2122_0,Mpro-protein,-8.742412,
Updated_Mpro_data_14_0,Mpro-protein,-3.027527,
Updated_Mpro_data_14_0,Mpro-protein,-3.794602,
Updated_Mpro_data_2291_0,Mpro-protein,-6.560522,
Updated_Mpro_data_2291_0,Mpro-protein,-6.566997,
Updated_Mpro_data_2436_0,Mpro-protein,-6.319395,
Updated_Mpro_data_2436_0,Mpro-protein,-6.50396,
Updated_Mpro_data_2475_0,Mpro-protein,-4.857338,
Updated_Mpro_data_2475_0,Mpro-protein,-4.656492,
Updated_Mpro_data_917_0,Mpro-protein,-7.633248,
Updated_Mpro_data_917_0,Mpro-protein,-7.632172,
Updated_Mpro_data_36_0,Mpro-protein,-4.35425,
Updated_Mpro_data_36_0,Mpro-protein,-5.881444,
Updated_Mpro_data_934_0,Mpro-protein,-7.381523,
Updated_Mpro_data_934_0,Mpro-protein,-7.775368,
Updated_Mpro_data_172_0,Mpro-protein,-3.568928,
Updated_Mpro_data_172_0,Mpro-protein,-3.568927,
Updated_Mpro_data_276_0,Mpro-protein,-3.014,
Updated_Mpro_data_276_0,Mpro-protein,-2.956938,
Updated_Mpro_data_537_0,Mpro-protein,-6.011637,
Updated_Mpro_data_537_0,Mpro-protein,-6.182875,
Updated_Mpro_data_2378_0,Mpro-protein,-6.610215,
Updated_Mpro_data_2378_0,Mpro-protein,-6.669103,
Updated_Mpro_data_657.sdf,Mpro-protein.pdb,,local variable 'df' referenced before assignment
Updated_Mpro_data_54_0,Mpro-protein,-7.977897,
Updated_Mpro_data_54_0,Mpro-protein,-7.977895,
Updated_Mpro_data_2242_0,Mpro-protein,-6.404025,
Updated_Mpro_data_2242_0,Mpro-protein,-6.343837,
Updated_Mpro_data_1200_0,Mpro-protein,-8.191511,
Updated_Mpro_data_1200_0,Mpro-protein,-8.246846,
Updated_Mpro_data_200_0,Mpro-protein,-5.477089,
Updated_Mpro_data_200_0,Mpro-protein,-5.469431,
Updated_Mpro_data_99_0,Mpro-protein,-4.475198,
Updated_Mpro_data_99_0,Mpro-protein,-4.357535,
Updated_Mpro_data_1744_0,Mpro-protein,-0.490842,
Updated_Mpro_data_1744_0,Mpro-protein,-0.292274,
Updated_Mpro_data_45_0,Mpro-protein,-8.06361,
Updated_Mpro_data_45_0,Mpro-protein,-8.05064,
Updated_Mpro_data_175_0,Mpro-protein,-4.223115,
Updated_Mpro_data_175_0,Mpro-protein,-3.945513,
Updated_Mpro_data_1848_0,Mpro-protein,-7.277515,
Updated_Mpro_data_1848_0,Mpro-protein,-7.316194,
Updated_Mpro_data_1311_0,Mpro-protein,-6.259161,
Updated_Mpro_data_1311_0,Mpro-protein,-6.259159,
Updated_Mpro_data_1702_0,Mpro-protein,-7.942968,
Updated_Mpro_data_1702_0,Mpro-protein,-4.108286,
Updated_Mpro_data_1462_0,Mpro-protein,-6.001949,
Updated_Mpro_data_1462_0,Mpro-protein,-6.029026,
Updated_Mpro_data_2464_0,Mpro-protein,-7.960256,
Updated_Mpro_data_2464_0,Mpro-protein,-8.045171,
Updated_Mpro_data_2571_0,Mpro-protein,-10.281382,
Updated_Mpro_data_2571_0,Mpro-protein,-9.384254,
Updated_Mpro_data_1732_0,Mpro-protein,-10.111148,
Updated_Mpro_data_1732_0,Mpro-protein,-10.161699,
Updated_Mpro_data_762_0,Mpro-protein,-7.046218,
Updated_Mpro_data_762_0,Mpro-protein,-7.058212,
Updated_Mpro_data_1574_0,Mpro-protein,-6.664168,
Updated_Mpro_data_1574_0,Mpro-protein,-6.396262,
Updated_Mpro_data_2223.sdf,Mpro-protein.pdb,,local variable 'df' referenced before assignment
Updated_Mpro_data_731_0,Mpro-protein,-4.624717,
Updated_Mpro_data_731_0,Mpro-protein,-4.689695,
Updated_Mpro_data_2134_0,Mpro-protein,-3.934715,
Updated_Mpro_data_2134_0,Mpro-protein,-4.173757,
Updated_Mpro_data_744_0,Mpro-protein,-6.006608,
Updated_Mpro_data_744_0,Mpro-protein,-5.942345,
Updated_Mpro_data_510_0,Mpro-protein,-6.7768,
Updated_Mpro_data_510_0,Mpro-protein,-6.761938,
Updated_Mpro_data_2352_0,Mpro-protein,-10.171903,
Updated_Mpro_data_2352_0,Mpro-protein,-10.171906,
Updated_Mpro_data_1471_0,Mpro-protein,-4.433527,
Updated_Mpro_data_1471_0,Mpro-protein,-4.501207,
Updated_Mpro_data_694_0,Mpro-protein,-8.20583,
Updated_Mpro_data_694_0,Mpro-protein,-8.630236,
Updated_Mpro_data_2646_0,Mpro-protein,-7.264061,
Updated_Mpro_data_2646_0,Mpro-protein,-7.68825,
Updated_Mpro_data_1370_0,Mpro-protein,-7.072468,
Updated_Mpro_data_1370_0,Mpro-protein,-7.072465,
Updated_Mpro_data_992_0,Mpro-protein,-6.495913,
Updated_Mpro_data_992_0,Mpro-protein,-6.412956,
Updated_Mpro_data_1820_0,Mpro-protein,-7.677852,
Updated_Mpro_data_1820_0,Mpro-protein,-7.633069,
Updated_Mpro_data_807_0,Mpro-protein,-9.696992,
Updated_Mpro_data_807_0,Mpro-protein,-9.57387,
Updated_Mpro_data_1243_0,Mpro-protein,-5.290443,
Updated_Mpro_data_1243_0,Mpro-protein,-5.290454,
Updated_Mpro_data_1893_0,Mpro-protein,-7.031137,
Updated_Mpro_data_1893_0,Mpro-protein,-7.03114,
Updated_Mpro_data_1247_0,Mpro-protein,-6.957294,
Updated_Mpro_data_1247_0,Mpro-protein,-6.899068,
Updated_Mpro_data_151_0,Mpro-protein,-4.74245,
Updated_Mpro_data_151_0,Mpro-protein,-4.507943,
Updated_Mpro_data_2561_0,Mpro-protein,-6.676081,
Updated_Mpro_data_2561_0,Mpro-protein,-6.675604,
Updated_Mpro_data_866_0,Mpro-protein,-6.55921,
Updated_Mpro_data_866_0,Mpro-protein,-5.522785,
Updated_Mpro_data_493_0,Mpro-protein,-5.076848,
Updated_Mpro_data_493_0,Mpro-protein,-5.004238,
Updated_Mpro_data_2577_0,Mpro-protein,-7.876989,
Updated_Mpro_data_2577_0,Mpro-protein,-7.853522,
Updated_Mpro_data_2701_0,Mpro-protein,-7.530759,
Updated_Mpro_data_2701_0,Mpro-protein,-7.421844,
Updated_Mpro_data_1691_0,Mpro-protein,-7.003184,
Updated_Mpro_data_1691_0,Mpro-protein,-7.020386,
Updated_Mpro_data_880_0,Mpro-protein,-5.473946,
Updated_Mpro_data_880_0,Mpro-protein,-5.473943,
Updated_Mpro_data_1379_0,Mpro-protein,-7.687132,
Updated_Mpro_data_1379_0,Mpro-protein,-7.293473,
Updated_Mpro_data_152_0,Mpro-protein,-2.402623,
Updated_Mpro_data_152_0,Mpro-protein,-2.124292,
Updated_Mpro_data_1759_0,Mpro-protein,-8.814647,
Updated_Mpro_data_1759_0,Mpro-protein,-8.820332,
Updated_Mpro_data_908_0,Mpro-protein,-7.162113,
Updated_Mpro_data_908_0,Mpro-protein,-7.082151,
Updated_Mpro_data_1956_0,Mpro-protein,-4.429143,
Updated_Mpro_data_1956_0,Mpro-protein,-4.445542,
Updated_Mpro_data_2215_0,Mpro-protein,-8.060781,
Updated_Mpro_data_2215_0,Mpro-protein,-7.954909,
Updated_Mpro_data_1592_0,Mpro-protein,-5.384392,
Updated_Mpro_data_1592_0,Mpro-protein,-5.680524,
Updated_Mpro_data_424_0,Mpro-protein,-7.056262,
Updated_Mpro_data_424_0,Mpro-protein,-7.129451,
Updated_Mpro_data_2284_0,Mpro-protein,-8.455926,
Updated_Mpro_data_2284_0,Mpro-protein,-8.264997,
Updated_Mpro_data_2209_0,Mpro-protein,-5.252885,
Updated_Mpro_data_2209_0,Mpro-protein,-4.694949,
Updated_Mpro_data_2243_0,Mpro-protein,-6.824759,
Updated_Mpro_data_2243_0,Mpro-protein,-7.166802,
Updated_Mpro_data_1978_0,Mpro-protein,-8.155456,
Updated_Mpro_data_1978_0,Mpro-protein,-5.905693,
Updated_Mpro_data_180_0,Mpro-protein,-7.377752,
Updated_Mpro_data_180_0,Mpro-protein,-7.417737,
Updated_Mpro_data_2592_0,Mpro-protein,-5.211026,
Updated_Mpro_data_2592_0,Mpro-protein,-5.772429,
Updated_Mpro_data_869_0,Mpro-protein,-3.973708,
Updated_Mpro_data_869_0,Mpro-protein,-4.568406,
Updated_Mpro_data_1933_0,Mpro-protein,-7.787277,
Updated_Mpro_data_1933_0,Mpro-protein,-7.917893,
Updated_Mpro_data_1015_0,Mpro-protein,-5.871579,
Updated_Mpro_data_1015_0,Mpro-protein,-5.679278,
Updated_Mpro_data_16.sdf,Mpro-protein.pdb,,local variable 'df' referenced before assignment
Updated_Mpro_data_819_0,Mpro-protein,-4.706395,
Updated_Mpro_data_819_0,Mpro-protein,-4.422931,
Updated_Mpro_data_116_0,Mpro-protein,-6.86414,
Updated_Mpro_data_116_0,Mpro-protein,-6.866262,
Updated_Mpro_data_22_0,Mpro-protein,-7.808394,
Updated_Mpro_data_22_0,Mpro-protein,-7.808395,
Updated_Mpro_data_358_0,Mpro-protein,-4.944906,
Updated_Mpro_data_358_0,Mpro-protein,-4.90552,
Updated_Mpro_data_2661_0,Mpro-protein,-7.161863,
Updated_Mpro_data_2661_0,Mpro-protein,-7.69146,
Updated_Mpro_data_1327_0,Mpro-protein,-7.729121,
Updated_Mpro_data_1327_0,Mpro-protein,-7.624147,
Updated_Mpro_data_1681_0,Mpro-protein,-9.305108,
Updated_Mpro_data_1681_0,Mpro-protein,-9.276006,
Updated_Mpro_data_1715_0,Mpro-protein,-8.358292,
Updated_Mpro_data_1715_0,Mpro-protein,-7.831901,
Updated_Mpro_data_1066_0,Mpro-protein,-9.130133,
Updated_Mpro_data_1066_0,Mpro-protein,-9.037775,
Updated_Mpro_data_465_0,Mpro-protein,-5.72755,
Updated_Mpro_data_465_0,Mpro-protein,-5.539472,
Updated_Mpro_data_1703_0,Mpro-protein,-4.18878,
Updated_Mpro_data_1703_0,Mpro-protein,-7.474671,
Updated_Mpro_data_2370_0,Mpro-protein,-8.754821,
Updated_Mpro_data_2370_0,Mpro-protein,-8.547607,
Updated_Mpro_data_872_0,Mpro-protein,-4.897646,
Updated_Mpro_data_872_0,Mpro-protein,-4.556346,
Updated_Mpro_data_1827_0,Mpro-protein,-8.12686,
Updated_Mpro_data_1827_0,Mpro-protein,-8.168907,
Updated_Mpro_data_1530_0,Mpro-protein,-4.847124,
Updated_Mpro_data_1530_0,Mpro-protein,-4.619273,
Updated_Mpro_data_2371_0,Mpro-protein,-7.282416,
Updated_Mpro_data_2371_0,Mpro-protein,-7.180656,
Updated_Mpro_data_2700_0,Mpro-protein,-6.935195,
Updated_Mpro_data_2700_0,Mpro-protein,-6.757772,
Updated_Mpro_data_944_0,Mpro-protein,-6.586247,
Updated_Mpro_data_944_0,Mpro-protein,-6.50107,
Updated_Mpro_data_1125_0,Mpro-protein,-8.611767,
Updated_Mpro_data_1125_0,Mpro-protein,-8.577186,
Updated_Mpro_data_1814_0,Mpro-protein,-9.442421,
Updated_Mpro_data_1814_0,Mpro-protein,-9.460162,
Updated_Mpro_data_2156_0,Mpro-protein,-6.290148,
Updated_Mpro_data_2156_0,Mpro-protein,-6.28242,
Updated_Mpro_data_782_0,Mpro-protein,-2.233907,
Updated_Mpro_data_782_0,Mpro-protein,-2.320311,
Updated_Mpro_data_2617_0,Mpro-protein,-8.099777,
Updated_Mpro_data_2617_0,Mpro-protein,-8.028848,
Updated_Mpro_data_1750_0,Mpro-protein,-3.392172,
Updated_Mpro_data_1750_0,Mpro-protein,-3.306255,
Updated_Mpro_data_1391_0,Mpro-protein,-5.585267,
Updated_Mpro_data_1391_0,Mpro-protein,-5.542339,
Updated_Mpro_data_1543_0,Mpro-protein,-4.644069,
Updated_Mpro_data_1543_0,Mpro-protein,-4.707231,
Updated_Mpro_data_509_0,Mpro-protein,-4.962737,
Updated_Mpro_data_509_0,Mpro-protein,-5.093948,
Updated_Mpro_data_404_0,Mpro-protein,-5.906522,
Updated_Mpro_data_404_0,Mpro-protein,-5.791964,
Updated_Mpro_data_1739_0,Mpro-protein,-9.766932,
Updated_Mpro_data_1739_0,Mpro-protein,-9.472023,
Updated_Mpro_data_1932_0,Mpro-protein,-7.538637,
Updated_Mpro_data_1932_0,Mpro-protein,-7.381731,
Updated_Mpro_data_730_0,Mpro-protein,-7.496036,
Updated_Mpro_data_730_0,Mpro-protein,-7.035748,
Updated_Mpro_data_2194_0,Mpro-protein,-4.355687,
Updated_Mpro_data_2194_0,Mpro-protein,-4.174078,
Updated_Mpro_data_289_0,Mpro-protein,-6.218748,
Updated_Mpro_data_289_0,Mpro-protein,-5.798921,
Updated_Mpro_data_380_0,Mpro-protein,-1.115567,
Updated_Mpro_data_380_0,Mpro-protein,-2.299205,
Updated_Mpro_data_2238_0,Mpro-protein,-8.254722,
Updated_Mpro_data_2238_0,Mpro-protein,-7.994749,
Updated_Mpro_data_796_0,Mpro-protein,-0.501338,
Updated_Mpro_data_796_0,Mpro-protein,-1.05551,
Updated_Mpro_data_546_0,Mpro-protein,2.030618,
Updated_Mpro_data_546_0,Mpro-protein,2.762691,
Updated_Mpro_data_2417_0,Mpro-protein,-9.199013,
Updated_Mpro_data_2417_0,Mpro-protein,-8.818704,
Updated_Mpro_data_2694_0,Mpro-protein,-8.662643,
Updated_Mpro_data_2694_0,Mpro-protein,-8.224951,
Updated_Mpro_data_552_0,Mpro-protein,-4.438376,
Updated_Mpro_data_552_0,Mpro-protein,-4.024118,
Updated_Mpro_data_515_0,Mpro-protein,-5.064821,
Updated_Mpro_data_515_0,Mpro-protein,-5.497221,
Updated_Mpro_data_1781_0,Mpro-protein,-1.301264,
Updated_Mpro_data_1781_0,Mpro-protein,-1.408588,
Updated_Mpro_data_1337_0,Mpro-protein,-6.251379,
Updated_Mpro_data_1337_0,Mpro-protein,-6.135174,
Updated_Mpro_data_1707_0,Mpro-protein,-8.848974,
Updated_Mpro_data_1707_0,Mpro-protein,-8.901763,
Updated_Mpro_data_243_0,Mpro-protein,-7.020637,
Updated_Mpro_data_243_0,Mpro-protein,-6.803699,
Updated_Mpro_data_1688_0,Mpro-protein,-9.432616,
Updated_Mpro_data_1688_0,Mpro-protein,-9.343309,
Updated_Mpro_data_851_0,Mpro-protein,-4.53055,
Updated_Mpro_data_851_0,Mpro-protein,-4.388898,
Updated_Mpro_data_1793_0,Mpro-protein,-7.522943,
Updated_Mpro_data_1793_0,Mpro-protein,-7.434716,
Updated_Mpro_data_544_0,Mpro-protein,-4.718511,
Updated_Mpro_data_544_0,Mpro-protein,-4.430803,
Updated_Mpro_data_490_0,Mpro-protein,-5.398468,
Updated_Mpro_data_490_0,Mpro-protein,-5.555608,
Updated_Mpro_data_1974_0,Mpro-protein,-4.904462,
Updated_Mpro_data_1974_0,Mpro-protein,-5.489159,
Updated_Mpro_data_2709_0,Mpro-protein,-7.899639,
Updated_Mpro_data_2709_0,Mpro-protein,-7.431725,
Updated_Mpro_data_1849_0,Mpro-protein,-5.474013,
Updated_Mpro_data_1849_0,Mpro-protein,-5.8522,
Updated_Mpro_data_1564_0,Mpro-protein,-6.963455,
Updated_Mpro_data_1564_0,Mpro-protein,-6.863713,
Updated_Mpro_data_733_0,Mpro-protein,-7.187888,
Updated_Mpro_data_733_0,Mpro-protein,-7.474845,
Updated_Mpro_data_815_0,Mpro-protein,-6.743948,
Updated_Mpro_data_815_0,Mpro-protein,-6.74395,
Updated_Mpro_data_310_0,Mpro-protein,-9.333586,
Updated_Mpro_data_310_0,Mpro-protein,-9.728767,
Updated_Mpro_data_1797_0,Mpro-protein,-6.274355,
Updated_Mpro_data_1797_0,Mpro-protein,-6.274357,
Updated_Mpro_data_2036_0,Mpro-protein,-5.589332,
Updated_Mpro_data_2036_0,Mpro-protein,-5.167174,
Updated_Mpro_data_2565_0,Mpro-protein,-6.155529,
Updated_Mpro_data_2565_0,Mpro-protein,-6.203386,
Updated_Mpro_data_2449_0,Mpro-protein,-6.435508,
Updated_Mpro_data_2449_0,Mpro-protein,-6.540056,
Updated_Mpro_data_575_0,Mpro-protein,-6.11494,
Updated_Mpro_data_575_0,Mpro-protein,-6.186458,
Updated_Mpro_data_1618_0,Mpro-protein,-4.246425,
Updated_Mpro_data_1618_0,Mpro-protein,-4.074948,
Updated_Mpro_data_139_0,Mpro-protein,-4.04306,
Updated_Mpro_data_139_0,Mpro-protein,-3.80166,
Updated_Mpro_data_668_0,Mpro-protein,-6.682228,
Updated_Mpro_data_668_0,Mpro-protein,-6.468325,
Updated_Mpro_data_2586_0,Mpro-protein,-10.198864,
Updated_Mpro_data_2586_0,Mpro-protein,-10.194763,
Updated_Mpro_data_640_0,Mpro-protein,-7.70021,
Updated_Mpro_data_640_0,Mpro-protein,-7.560137,
Updated_Mpro_data_1208_0,Mpro-protein,-7.235859,
Updated_Mpro_data_1208_0,Mpro-protein,-7.199069,
Updated_Mpro_data_976_0,Mpro-protein,-4.575906,
Updated_Mpro_data_976_0,Mpro-protein,-4.575253,
Updated_Mpro_data_2037_0,Mpro-protein,-3.752577,
Updated_Mpro_data_2037_0,Mpro-protein,-3.762046,
Updated_Mpro_data_1495_0,Mpro-protein,-5.695247,
Updated_Mpro_data_1495_0,Mpro-protein,-5.392563,
Updated_Mpro_data_1335_0,Mpro-protein,-6.725149,
Updated_Mpro_data_1335_0,Mpro-protein,-6.785053,
Updated_Mpro_data_2512_0,Mpro-protein,-6.785621,
Updated_Mpro_data_2512_0,Mpro-protein,-6.77555,
Updated_Mpro_data_2085_0,Mpro-protein,-7.05141,
Updated_Mpro_data_2085_0,Mpro-protein,-7.315906,
Updated_Mpro_data_480_0,Mpro-protein,-7.709892,
Updated_Mpro_data_480_0,Mpro-protein,-7.613045,
Updated_Mpro_data_1088_0,Mpro-protein,-7.007235,
Updated_Mpro_data_1088_0,Mpro-protein,-6.761651,
Updated_Mpro_data_2302_0,Mpro-protein,-9.707563,
Updated_Mpro_data_2302_0,Mpro-protein,-9.802353,
Updated_Mpro_data_1774_0,Mpro-protein,-7.127244,
Updated_Mpro_data_1774_0,Mpro-protein,-7.096334,
Updated_Mpro_data_2226_0,Mpro-protein,-5.136605,
Updated_Mpro_data_2226_0,Mpro-protein,-4.733826,
Updated_Mpro_data_675_0,Mpro-protein,-3.516688,
Updated_Mpro_data_675_0,Mpro-protein,-3.022931,
Updated_Mpro_data_1610_0,Mpro-protein,-6.467089,
Updated_Mpro_data_1610_0,Mpro-protein,-6.470506,
Updated_Mpro_data_2454_0,Mpro-protein,-7.556869,
Updated_Mpro_data_2454_0,Mpro-protein,-7.588804,
Updated_Mpro_data_1279_0,Mpro-protein,-0.293016,
Updated_Mpro_data_1279_0,Mpro-protein,-0.633522,
Updated_Mpro_data_533_0,Mpro-protein,-7.621671,
Updated_Mpro_data_533_0,Mpro-protein,-7.437798,
Updated_Mpro_data_625_0,Mpro-protein,1.471763,
Updated_Mpro_data_625_0,Mpro-protein,1.381045,
Updated_Mpro_data_2325_0,Mpro-protein,-9.118587,
Updated_Mpro_data_2325_0,Mpro-protein,-9.22332,
Updated_Mpro_data_1627_0,Mpro-protein,-8.227558,
Updated_Mpro_data_1627_0,Mpro-protein,-8.475916,
Updated_Mpro_data_2166_0,Mpro-protein,-7.80589,
Updated_Mpro_data_2166_0,Mpro-protein,-7.886935,
Updated_Mpro_data_2316_0,Mpro-protein,-10.052777,
Updated_Mpro_data_2316_0,Mpro-protein,-10.095141,
Updated_Mpro_data_1545_0,Mpro-protein,-5.656859,
Updated_Mpro_data_1545_0,Mpro-protein,-5.665914,
Updated_Mpro_data_30_0,Mpro-protein,-4.541497,
Updated_Mpro_data_30_0,Mpro-protein,-5.034357,
Updated_Mpro_data_1146_0,Mpro-protein,-10.103863,
Updated_Mpro_data_1146_0,Mpro-protein,-9.385146,
Updated_Mpro_data_938_0,Mpro-protein,-4.532179,
Updated_Mpro_data_938_0,Mpro-protein,-4.558141,
Updated_Mpro_data_1305_0,Mpro-protein,-5.841579,
Updated_Mpro_data_1305_0,Mpro-protein,-5.930314,
Updated_Mpro_data_1285_0,Mpro-protein,-6.355631,
Updated_Mpro_data_1285_0,Mpro-protein,-6.321193,
Updated_Mpro_data_2507_0,Mpro-protein,-4.956153,
Updated_Mpro_data_2507_0,Mpro-protein,-4.702715,
Updated_Mpro_data_643_0,Mpro-protein,-6.855061,
Updated_Mpro_data_643_0,Mpro-protein,-6.609251,
Updated_Mpro_data_207_0,Mpro-protein,-1.859486,
Updated_Mpro_data_207_0,Mpro-protein,-2.923647,
Updated_Mpro_data_1830_0,Mpro-protein,-3.638733,
Updated_Mpro_data_1830_0,Mpro-protein,-6.230012,
Updated_Mpro_data_100_0,Mpro-protein,-5.442869,
Updated_Mpro_data_100_0,Mpro-protein,-5.406277,
Updated_Mpro_data_2685_0,Mpro-protein,-6.430049,
Updated_Mpro_data_2685_0,Mpro-protein,-6.697382,
Updated_Mpro_data_2308_0,Mpro-protein,-7.62126,
Updated_Mpro_data_2308_0,Mpro-protein,-7.400454,
Updated_Mpro_data_86_0,Mpro-protein,-7.83257,
Updated_Mpro_data_86_0,Mpro-protein,-7.753143,
Updated_Mpro_data_23_0,Mpro-protein,-8.631853,
Updated_Mpro_data_23_0,Mpro-protein,-8.042909,
Updated_Mpro_data_2221_0,Mpro-protein,7.17367,
Updated_Mpro_data_2221_0,Mpro-protein,6.597141,
Updated_Mpro_data_1757_0,Mpro-protein,-7.897327,
Updated_Mpro_data_1757_0,Mpro-protein,-7.918114,
Updated_Mpro_data_328_0,Mpro-protein,-7.722311,
Updated_Mpro_data_328_0,Mpro-protein,-7.679059,
Updated_Mpro_data_1262_0,Mpro-protein,-8.058978,
Updated_Mpro_data_1262_0,Mpro-protein,-8.058979,
Updated_Mpro_data_2051_0,Mpro-protein,-5.254577,
Updated_Mpro_data_2051_0,Mpro-protein,-5.14003,
Updated_Mpro_data_1678_0,Mpro-protein,-8.283503,
Updated_Mpro_data_1678_0,Mpro-protein,-8.201945,
Updated_Mpro_data_1404_0,Mpro-protein,-5.815313,
Updated_Mpro_data_1404_0,Mpro-protein,-5.81075,
Updated_Mpro_data_594_0,Mpro-protein,-7.513111,
Updated_Mpro_data_594_0,Mpro-protein,-7.484081,
Updated_Mpro_data_760_0,Mpro-protein,-8.696736,
Updated_Mpro_data_760_0,Mpro-protein,-8.253435,
Updated_Mpro_data_1885_0,Mpro-protein,-7.471751,
Updated_Mpro_data_1885_0,Mpro-protein,-7.530042,
Updated_Mpro_data_2649_0,Mpro-protein,-6.980135,
Updated_Mpro_data_2649_0,Mpro-protein,-6.927915,
Updated_Mpro_data_348_0,Mpro-protein,-7.528722,
Updated_Mpro_data_348_0,Mpro-protein,-7.559757,
Updated_Mpro_data_1384_0,Mpro-protein,-7.470451,
Updated_Mpro_data_1384_0,Mpro-protein,-7.347517,
Updated_Mpro_data_398_0,Mpro-protein,-6.472105,
Updated_Mpro_data_398_0,Mpro-protein,-6.571355,
Updated_Mpro_data_611_0,Mpro-protein,-7.474298,
Updated_Mpro_data_611_0,Mpro-protein,-7.474298,
Updated_Mpro_data_1655_0,Mpro-protein,-6.52013,
Updated_Mpro_data_1655_0,Mpro-protein,-6.421232,
Updated_Mpro_data_1109_0,Mpro-protein,-5.897308,
Updated_Mpro_data_1109_0,Mpro-protein,-5.656834,
Updated_Mpro_data_1266_0,Mpro-protein,-7.851108,
Updated_Mpro_data_1266_0,Mpro-protein,-7.930066,
Updated_Mpro_data_910_0,Mpro-protein,-7.305416,
Updated_Mpro_data_910_0,Mpro-protein,-7.215127,
Updated_Mpro_data_334_0,Mpro-protein,-6.571325,
Updated_Mpro_data_334_0,Mpro-protein,-6.439612,
Updated_Mpro_data_650_0,Mpro-protein,-6.913661,
Updated_Mpro_data_650_0,Mpro-protein,-7.499575,
Updated_Mpro_data_1763_0,Mpro-protein,-5.091152,
Updated_Mpro_data_1763_0,Mpro-protein,-4.962295,
Updated_Mpro_data_360_0,Mpro-protein,-5.801487,
Updated_Mpro_data_360_0,Mpro-protein,-6.561666,
Updated_Mpro_data_949_0,Mpro-protein,-7.271443,
Updated_Mpro_data_949_0,Mpro-protein,-7.16666,
Updated_Mpro_data_461_0,Mpro-protein,-5.130873,
Updated_Mpro_data_461_0,Mpro-protein,-5.112991,
Updated_Mpro_data_2138_0,Mpro-protein,0.167144,
Updated_Mpro_data_2138_0,Mpro-protein,-2.649506,
